8626;3507;869
8627;3591;1044
8628;3569;1218
8629;3505;1402
8630;3413;1635
8631;3232;1883
8632;3040;2136
8633;2779;2401
8634;2494;2661
8635;2282;2962
8636;2049;3191
8637;1769;3369
8638;1494;3517
8639;1271;3658
8640;1075;3747
8641;917;3779
8642;732;3771
8643;582;3733
8644;503;3626
8645;484;3481
8646;521;3269
8647;598;3019
8648;727;2761
8649;891;2473
8650;1055;2157
8651;1304;1887
8652;1592;1635
8653;1887;1360
8654;2149;1083
8655;2451;876
8656;2734;725
8657;3007;628
8658;3216;586
8659;3397;608
8660;3519;685
8661;3601;820
8662;3604;1017
8663;3554;1248
8664;3450;1497
8665;3252;1762
8666;3006;2042
8667;2741;2401
8668;2473;2726
8669;2187;2999
8670;1871;3240
8671;1553;3445
8672;1257;3616
8673;986;3727
8674;770;3779
8675;597;3758
8676;490;3656
8677;481;3472
8678;574;3215
8679;736;2877
8680;965;2442
8681;1286;2033
8682;1646;1642
8683;2041;1264
8684;2858;733
8685;3192;598
8686;3399;599
8687;3526;728
8688;3545;941
8689;3428;1235
8690;3202;1607
8691;2882;2031
8692;2514;2445
8693;2143;2849
8694;1791;3205
8695;1453;3473
8696;1176;3657
8697;734;3775
8698;565;3752
8699;512;3644
8700;502;3472
8701;572;3209
8702;695;2933
8703;872;2626
8704;1089;2306
8705;1341;1971
8706;1627;1651
8707;1935;1343
8708;2242;1083
8709;2579;871
8710;2868;699
8711;3136;618
8712;3345;576
8713;3513;628
8714;3622;716
8715;3678;870
8716;3691;1063
8717;3691;1297
8718;3531;1555
8719;3369;1822
8720;3154;2109
8721;2868;2410
8722;2583;2704
8723;2271;3028
8724;1954;3287
8725;1654;3504
8726;1351;3671
8727;1094;3789
8728;849;3849
8729;669;3815
8730;532;3746
8731;495;3593
8732;550;3357
8733;699;3055
8734;884;2704
8735;1154;2291
8736;1469;1905
8737;1819;1527
8738;2188;1193
8739;2537;924
8740;2878;729
8741;3205;634
8742;3413;599
8743;3599;658
8744;3686;795
8745;3714;997
8746;3679;1265
8747;3572;1544
8748;3378;1851
8749;3097;2178
8750;2833;2509
8751;2508;2839
8752;2164;3149
8753;1837;3419
8754;1515;3629
8755;1197;3774
8756;938;3841
8757;734;3846
8758;566;3811
8759;479;3703
8760;476;3497
8761;550;3226
8762;705;2903
8763;1184;2179
8764;1509;1803
8765;1887;1453
8766;2256;1133
8767;2611;857
8768;2940;688
8769;3228;579
8770;3455;571
8771;3600;634
8772;3691;769
8773;3723;954
8774;3690;1189
8775;3574;1448
8776;3379;1752
8777;3138;2054
8778;2846;2379
8779;2533;2713
8780;2212;3022
8781;1886;3283
8782;1570;3504
8783;1279;3669
8784;1029;3777
8785;795;3809
8786;618;3793
8787;513;3730
8788;476;3554
8789;525;3327
8790;645;3019
8791;820;2701
8792;1073;2334
8793;1343;1973
8794;1667;1623
8795;2004;1297
8796;2337;1016
8797;2679;793
8798;3014;654
8799;3293;569
8800;3508;568
8801;3661;650
8802;3747;797
8803;3780;999
8804;3752;1238
8805;3651;1511
8806;3484;1809
8807;3245;2112
8808;2953;2448
8809;2606;2787
8810;2223;3099
8811;1872;3379
8812;1534;3622
8813;1220;3781
8814;959;3841
8815;715;3853
8816;549;3823
8817;468;3707
8818;491;3493
8819;602;3195
8820;795;2838
8821;1094;2450
8822;1410;2036
8823;1765;1649
8824;2155;1245
8825;2520;948
8826;2881;717
8827;3203;586
8828;3449;567
8829;3653;624
8830;3722;768
8831;3754;982
8832;3700;1248
8833;3574;1541
8834;3377;1863
8835;3117;2239
8836;2801;2582
8837;2474;2914
8838;2132;3226
8839;1793;3490
8840;1485;3680
8841;1181;3817
8842;931;3859
8843;678;3857
8844;540;3826
8845;465;3713
8846;482;3479
8847;583;3191
8848;748;2857
8849;993;2491
8850;1283;2110
8851;1601;1738
8852;1958;1374
8853;2301;1067
8854;2650;830
8855;3007;639
8856;3282;567
8857;3504;553
8858;3658;639
8859;3749;778
8860;3778;976
8861;3749;1217
8862;3619;1485
8863;3485;1797
8864;3248;2113
8865;2963;2436
8866;2609;2763
8867;2272;3077
8868;1927;3352
8869;1604;3603
8870;1218;3763
8871;1032;3849
8872;802;3850
8873;607;3835
8874;492;3759
8875;458;3590
8876;506;3345
8877;641;3044
8878;834;2700
8879;1092;2337
8880;1384;1935
8881;1705;1571
8882;2058;1246
8883;2385;979
8884;2710;774
8885;3018;629
8886;3276;584
8887;3485;581
8888;3627;657
8889;3711;797
8890;3743;980
8891;3711;1231
8892;3633;1486
8893;3490;1759
8894;3296;2054
8895;3060;2346
8896;2788;2659
8897;2501;2951
8898;2200;3222
8899;1886;3455
8900;1573;3648
8901;1312;3798
8902;1073;3857
8903;858;3864
8904;683;3856
8905;544;3821
8906;482;3721
8907;490;3537
8908;550;3292
8909;666;3010
8910;853;2693
8911;1106;2371
8912;1352;2038
8913;1622;1696
8914;1919;1382
8915;2197;1104
8916;2493;897
8917;2761;726
8918;2997;641
8919;3216;570
8920;3417;570
8921;3563;620
8922;3671;720
8923;3705;843
8924;3744;1009
8925;3739;1218
8926;3677;1429
8927;3568;1637
8928;3435;1888
8929;3241;2142
8930;3035;2391
8931;2810;2658
8932;2574;2913
8933;2303;3124
8934;2035;3333
8935;1782;3519
8936;1539;3683
8937;1330;3785
8938;1105;3841
8939;912;3851
8940;782;3844
8941;651;3818
8942;557;3755
8943;500;3636
8944;485;3474
8945;523;3275
8946;585;3053
8947;692;2581
8948;842;2565
8949;1003;2298
8950;1196;2010
8951;1422;1758
8952;1695;1521
8953;1940;1262
8954;2197;1038
8955;2448;850
8956;2716;731
8957;2943;631
8958;3120;579
8959;3337;584
8960;3517;614
8961;3625;710
8962;3687;867
8963;3717;1036
8964;3690;1213
8965;3610;1435
8966;3470;1736
8967;3291;2018
8968;3053;2324
8969;2763;2586
8970;2441;2913
8971;2107;3203
8972;1794;3462
8973;1479;3664
8974;1189;3803
8975;945;3855
8976;723;3851
8977;570;3829
8978;493;3722
8979;522;3519
8980;626;3227
8981;803;2867
8982;1053;2488
8983;1340;2105
8984;1677;1723
8985;2038;1364
8986;2401;1057
8987;2725;808
8988;3026;651
8989;3286;585
8990;3505;593
8991;3628;680
8992;3685;837
8993;3680;1075
8994;3595;1330
8995;3437;1619
8996;3213;1949
8997;2949;2291
8998;2661;2617
8999;2335;2925
9000;2022;3221
9001;1690;3458
9002;1424;3647
9003;1165;3781
9004;933;3839
9005;748;3841
9006;599;3803
9007;516;3712
9008;501;3539
9009;528;3314
9010;643;3047
9011;773;2737
9012;993;2400
9013;1217;2089
9014;1476;1794
9015;1760;1448
9016;2036;1204
9017;2327;961
9018;2587;795
9019;2850;679
9020;3088;604
9021;3289;585
9022;3444;630
9023;3551;713
9024;3615;874
9025;3632;1017
9026;3601;1227
9027;3511;1457
9028;3373;1719
9029;3169;2007
9030;2912;2302
9031;2627;2604
9032;2330;2918
9033;2031;3197
9034;1722;3434
9035;1413;3632
9036;1145;3778
9037;891;3847
9038;703;3845
9039;554;3816
9040;480;3711
9041;488;3525
9042;554;3279
9043;669;2984
9044;858;2656
9045;1093;2301
9046;1407;1932
9047;1706;1578
9048;2041;1262
9049;2361;966
9050;2674;754
9051;2966;610
9052;3221;565
9053;3408;565
9054;3546;655
9055;3595;805
9056;3607;1005
9057;3541;1233
9058;3427;1493
9059;3249;1775
9060;3024;2096
9061;2759;2392
9062;2475;2697
9063;2176;2994
9064;1905;3249
9065;1611;3459
9066;1353;3617
9067;1137;3734
9068;923;3803
9069;729;3812
9070;584;3784
9071;504;3685
9072;476;3532
9073;504;3318
9074;585;3087
9075;718;2842
9076;897;2517
9077;1098;2219
9078;1357;1904
9079;1681;1604
9080;1969;1301
9081;2270;1028
9082;2555;807
9083;2826;669
9084;3061;579
9085;3275;555
9086;3427;606
9087;3510;700
9088;3556;861
9089;3572;1031
9090;3519;1178
9091;3385;1362
9092;3230;1678
9093;2980;2028
9094;2734;2308
9095;2455;2651
9096;2167;2937
9097;1836;3200
9098;1550;3427
9099;1300;3619
9100;1073;3739
9101;851;3795
9102;653;3803
9103;529;3767
9104;473;3650
9105;465;3453
9106;528;3221
9107;620;2928
9108;806;2654
9109;1061;2370
9110;1328;1988
9111;1565;1607
9112;1870;1289
9113;2249;1053
9114;2606;826
9115;2899;642
9116;3140;544
9117;3311;546
9118;3445;618
9119;3525;724
9120;3540;911
9121;3483;1140
9122;3350;1413
9123;3146;1749
9124;2913;2077
9125;2634;2395
9126;2336;2695
9127;2058;2990
9128;1693;3240
9129;1336;3451
9130;1076;3634
9131;867;3753
9132;659;3771
9133;492;3724
9134;467;3592
9135;534;3328
9136;670;2995
9137;854;2623
9138;1170;2229
9139;1524;1865
9140;1853;1424
9141;2241;1057
9142;2735;813
9143;3090;629
9144;3293;519
9145;3561;687
9146;3543;929
9147;3421;1276
9148;3168;1581
9149;2772;1965
9150;2337;2391
9151;1911;2861
9152;1515;3253
9153;1166;3538
9154;863;3712
9155;614;3788
9156;475;3722
9157;466;3576
9158;621;3284
9159;905;2884
9160;1265;2326
9161;1652;1787
9162;2108;1321
9163;2601;961
9164;2931;666
9165;3211;550
9166;3453;555
9167;3506;724
9168;3414;1032
9169;3194;1417
9170;2848;1815
9171;2455;2287
9172;1995;2741
9173;1583;3142
9174;1216;3472
9175;894;3683
9176;642;3770
9177;493;3685
9178;459;3593
9179;571;3313
9180;769;2964
9181;1051;2548
9182;1373;2042
9183;1749;1607
9184;2139;1222
9185;2514;903
9186;2865;673
9187;3147;556
9188;3362;524
9189;3504;592
9190;3567;752
9191;3547;969
9192;3439;1232
9193;3245;1556
9194;2983;1931
9195;2669;2279
9196;2328;2626
9197;1983;2970
9198;1645;3266
9199;1324;3505
9200;1037;3686
9201;811;3771
9202;595;3788
9203;508;3716
9204;485;3560
9205;560;3283
9206;717;2958
9207;943;2584
9208;1247;2182
9209;1573;1780
9210;1927;1393
9211;2298;1053
9212;2651;796
9213;3005;618
9214;3254;524
9215;3426;555
9216;3531;648
9217;3563;836
9218;3525;1063
9219;3403;1338
9220;3209;1645
9221;2659;2304
9222;2328;2641
9223;2007;2961
9224;1639;3255
9225;1332;3489
9226;1056;3676
9227;823;3767
9228;645;3786
9229;512;3737
9230;495;3590
9231;539;3371
9232;663;3069
9233;857;2740
9234;1129;2382
9235;1411;1996
9236;1699;1621
9237;2007;1271
9238;2292;1007
9239;2573;792
9240;2844;644
9241;3076;556
9242;3273;536
9243;3425;552
9244;3517;650
9245;3570;774
9246;3561;962
9247;3522;1164
9248;3429;1362
9249;3271;1562
9250;3086;1843
9251;2853;2131
9252;2605;2411
9253;2326;2638
9254;2043;2940
9255;1777;3179
9256;1531;3388
9257;1253;3548
9258;1021;3652
9259;819;3717
9260;671;3728
9261;543;3678
9262;547;3562
9263;508;3380
9264;594;3165
9265;749;2890
9266;927;2561
9267;1141;2196
9268;1495;1858
9269;1832;1550
9270;2129;1196
9271;2450;879
9272;2784;698
9273;3095;579
9274;3339;522
9275;3489;555
9276;3583;696
9277;3598;873
9278;3523;1104
9279;3384;1407
9280;3142;1733
9281;2863;2061
9282;2529;2440
9283;2167;2771
9284;1812;3109
9285;1459;3385
9286;1120;3591
9287;829;3723
9288;627;3770
9289;508;3710
9290;517;3537
9291;652;3249
9292;890;2885
9293;1223;2412
9294;1607;1943
9295;2034;1474
9296;2443;1087
9297;2825;779
9298;3152;601
9299;3408;539
9300;3538;603
9301;3567;789
9302;3448;1077
9303;3201;1394
9304;2848;1841
9305;2465;2301
9306;2069;2740
9307;1614;3109
9308;1214;3419
9309;879;3639
9310;631;3747
9311;509;3728
9312;534;3565
9313;720;3253
9314;1013;2826
9315;1411;2352
9316;1839;1772
9317;2292;1288
9318;2747;909
9319;3131;670
9320;3396;561
9321;3553;599
9322;3596;833
9323;3516;1062
9324;3282;1410
9325;2958;1811
9326;2568;2235
9327;2117;2706
9328;1688;3115
9329;1283;3450
9330;933;3677
9331;671;3702
9332;537;3771
9333;555;3613
9334;724;3298
9335;1053;2874
9336;1435;2362
9337;1851;1835
9338;2307;1308
9339;2777;947
9340;3170;682
9341;3419;579
9342;3545;650
9343;3572;837
9344;3467;1109
9345;3252;1467
9346;2942;1877
9347;2490;2292
9348;2084;2720
9349;1679;3168
9350;1318;3478
9351;976;3683
9352;724;3793
9353;556;3782
9354;521;3658
9355;597;3452
9356;804;3077
9357;1097;2629
9358;1487;2176
9359;1931;1727
9360;2368;1262
9361;2773;882
9362;3140;665
9363;3410;569
9364;3536;615
9365;3579;812
9366;3507;1086
9367;3309;1402
9368;3003;1769
9369;2603;2202
9370;2173;2629
9371;1746;3005
9372;1355;3396
9373;1029;3632
9374;740;3764
9375;543;3777
9376;504;3667
9377;568;3420
9378;766;3062
9379;1094;2627
9380;1550;2147
9381;1919;1625
9382;2488;1163
9383;2894;789
9384;3230;607
9385;3464;579
9386;3557;693
9387;3517;954
9388;3345;1290
9389;3006;1676
9390;2597;2144
9391;2065;2625
9392;1598;3065
9393;1205;3448
9394;849;3671
9395;589;3797
9396;516;3752
9397;576;3530
9398;795;3099
9399;1238;2692
9400;1631;2183
9401;2169;1622
9402;2723;1132
9403;3147;769
9404;3429;611
9405;3548;666
9406;3504;918
9407;3258;1311
9408;2882;1784
9409;2414;2296
9410;1854;2799
9411;1359;3234
9412;947;3593
9413;624;3776
9414;491;3771
9415;595;3591
9416;932;3113
9417;1415;2542
9418;1983;1883
9419;2573;1281
9420;3050;850
9421;3388;614
9422;3556;647
9423;3541;849
9424;3285;1243
9425;2873;1765
9426;2346;2275
9427;1794;2865
9428;1301;3328
9429;890;3704
9430;619;3773
9431;523;3728
9432;638;3480
9433;919;3049
9434;1363;2505
9435;1864;1908
9436;2445;1343
9437;2932;904
9438;3314;645
9439;3545;596
9440;3612;749
9441;3531;1043
9442;3294;1439
9443;2905;1881
9444;2431;2364
9445;1937;2862
9446;1470;3290
9447;1019;3603
9448;717;3771
9449;532;3795
9450;545;3646
9451;739;3313
9452;1051;2858
9453;1464;2315
9454;1959;1760
9455;2459;1282
9456;2909;894
9457;3265;662
9458;3498;620
9459;3577;716
9460;3522;964
9461;3334;1348
9462;3029;1751
9463;2637;2174
9464;2212;2619
9465;1774;3053
9466;1381;3397
9467;1015;3660
9468;729;3801
9469;527;3814
9470;492;3725
9471;582;3487
9472;789;3083
9473;1099;2637
9474;1503;2146
9475;1934;1668
9476;2372;1231
9477;2790;890
9478;3151;691
9479;3417;596
9480;3585;641
9481;3647;789
9482;3587;1037
9483;3435;1380
9484;3178;1741
9485;2849;2132
9486;2448;2520
9487;2049;2932
9488;1650;3291
9489;1285;3571
9490;964;3762
9491;684;3839
9492;529;3826
9493;491;3728
9494;607;3447
9495;818;3075
9496;1160;2618
9497;1580;2120
9498;2041;1634
9499;2512;1186
9500;2944;871
9501;3263;661
9502;3485;612
9503;3590;713
9504;3559;932
9505;3409;1288
9506;3132;1783
9507;2773;2092
9508;2333;2540
9509;1879;2967
9510;1470;3357
9511;1091;3640
9512;794;3803
9513;565;3840
9514;490;3775
9515;557;3560
9516;765;3203
9517;1059;2696
9518;1454;2197
9519;1920;1697
9520;2445;1258
9521;2838;897
9522;3207;672
9523;3485;608
9524;3631;680
9525;3641;886
9526;3528;1198
9527;3251;1578
9528;2865;2058
9529;2407;2524
9530;1938;2978
9531;1496;3361
9532;1100;3636
9533;787;3799
9534;563;3813
9535;482;3704
9536;586;3425
9537;823;3005
9538;1188;2514
9539;1640;1912
9540;2129;1413
9541;2599;991
9542;3030;712
9543;3353;588
9544;3560;613
9545;3643;783
9546;3603;1054
9547;3447;1406
9548;3115;1813
9549;2731;2241
9550;2306;2732
9551;1880;3136
9552;1451;3477
9553;1072;3718
9554;785;3834
9555;563;3829
9556;473;3742
9557;531;3505
9558;695;3137
9559;1018;2691
9560;1394;2197
9561;1815;1659
9562;2271;1225
9563;2696;879
9564;3082;658
9565;3379;565
9566;3576;617
9567;3683;764
9568;3674;1011
9569;3566;1330
9570;3346;1696
9571;3045;2080
9572;2715;2507
9573;2358;2884
9574;1992;3211
9575;1680;3475
9576;1364;3671
9577;1085;3791
9578;843;3826
9579;637;3814
9580;535;3736
9581;485;3546
9582;559;3297
9583;695;2941
9584;927;2509
9585;1242;2095
9586;1593;1671
9587;1988;1281
9588;2389;944
9589;2763;712
9590;3103;570
9591;3348;562
9592;3511;633
9593;3564;807
9594;3521;1088
9595;3370;1428
9596;3106;1797
9597;2755;2183
9598;2382;2595
9599;1990;2993
9600;1596;3329
9601;1217;3585
9602;894;3758
9603;628;3812
9604;499;3776
9605;483;3620
9606;607;3329
9607;851;2923
9608;1214;2433
9609;1632;1925
9610;2099;1439
9611;2575;1017
9612;3005;729
9613;3365;560
9614;3614;545
9615;3728;671
9616;3744;914
9617;3643;1240
9618;3422;1611
9619;3106;2015
9620;2704;2428
9621;2299;2842
9622;1871;3211
9623;1445;3501
9624;1093;3703
9625;781;3813
9626;562;3809
9627;427;3696
9628;543;3422
9629;703;3062
9630;994;2617
9631;1380;2137
9632;1803;1663
9633;2253;1218
9634;2700;866
9635;3090;646
9636;3392;538
9637;3617;556
9638;3700;713
9639;3680;975
9640;3539;1311
9641;3292;1677
9642;2944;2098
9643;2537;2503
9644;2112;2902
9645;1691;3260
9646;1289;3543
9647;945;3731
9648;643;3817
9649;487;3792
9650;459;3652
9651;589;3334
9652;844;2916
9653;1204;2427
9654;1644;1906
9655;2135;1424
9656;2633;1013
9657;3077;692
9658;3419;553
9659;3645;559
9660;3713;725
9661;3647;1013
9662;3431;1407
9663;3083;1816
9664;2649;2262
9665;2163;2710
9666;1677;3109
9667;1250;3424
9668;877;3630
9669;609;3722
9670;468;3658
9671;499;3450
9672;694;3110
9673;1013;2614
9674;1453;2101
9675;1928;1574
9676;2423;1118
9677;2893;760
9678;3283;585
9679;3558;548
9680;3694;667
9681;3692;941
9682;3555;1278
9683;3282;1685
9684;2892;2173
9685;2432;2642
9686;1957;3092
9687;1516;3462
9688;1119;3733
9689;782;3849
9690;565;3851
9691;491;3774
9692;612;3509
9693;859;3105
9694;1242;2623
9695;1679;2019
9696;2167;1505
9697;2653;1053
9698;3088;745
9699;3427;577
9700;3643;572
9701;3731;729
9702;3708;996
9703;3525;1341
9704;3218;1750
9705;2815;2183
9706;2365;2681
9707;1910;3094
9708;1485;3442
9709;1089;3695
9710;787;3827
9711;554;3833
9712;486;3744
9713;573;3501
9714;804;3117
9715;1181;2644
9716;1605;2124
9717;2075;1562
9718;2557;1121
9719;2991;783
9720;3345;583
9721;3567;543
9722;3613;647
9723;3661;863
9724;3521;1187
9725;3235;1559
9726;2869;1968
9727;2434;2399
9728;2007;2865
9729;1572;3247
9730;1207;3546
9731;876;3734
9732;626;3819
9733;487;3802
9734;467;3653
9735;595;3374
9736;857;2984
9737;1236;2524
9738;1663;2019
9739;2114;1489
9740;2564;1078
9741;2981;766
9742;3283;605
9743;3494;560
9744;3582;661
9745;3572;866
9746;3442;1162
9747;3204;1522
9748;2843;1905
9749;2458;2308
9750;2040;2728
9751;1640;3140
9752;1277;3448
9753;948;3667
9754;690;3785
9755;507;3810
9756;471;3722
9757;535;3511
9758;734;3174
9759;1069;2735
9760;1459;2262
9761;1905;1765
9762;2356;1279
9763;2791;902
9764;3145;674
9765;3400;582
9766;3535;638
9767;3567;827
9768;3477;1098
9769;3259;1445
9770;2896;1855
9771;2507;2269
9772;2080;2702
9773;1670;3139
9774;1285;3472
9775;958;3705
9776;709;3818
9777;520;3825
9778;472;3737
9779;548;3502
9780;699;3163
9781;959;2758
9782;1424;2349
9783;1863;1890
9784;2317;1309
9785;2744;933
9786;3126;675
9787;3379;581
9788;3488;623
9789;3539;786
9790;3558;928
9791;3397;1015
9792;3263;1513
9793;2997;2037
9794;2521;2267
9795;2036;2630
9796;1636;3114
9797;1266;3465
9798;919;3666
9799;732;3759
9800;573;3739
9801;476;3640
9802;481;3468
9803;559;3136
9804;692;2802
9805;1091;2453
9806;1597;2120
9807;1944;1501
9808;2408;981
9809;2806;737
9810;3009;566
9811;3179;529
9812;3317;565
9813;3473;631
9814;3509;760
9815;3455;1059
9816;3305;1376
9817;3069;1664
9818;2772;2058
9819;2466;2422
9820;2114;2773
9821;1813;3074
9822;1448;3334
9823;1120;3523
9824;883;3653
9825;660;3699
9826;524;3651
9827;495;3511
9828;548;3285
9829;686;2910
9830;893;2572
9831;1121;2171
9832;1453;1780
9833;1851;1473
9834;2239;1123
9835;2539;813
9836;2806;623
9837;2982;528
9838;3236;522
9839;3462;543
9840;3550;655
9841;3571;883
9842;3539;1135
9843;3379;1338
9844;3175;1619
9845;2993;2012
9846;2627;2333
9847;2328;2567
9848;1990;2946
9849;1605;3208
9850;1198;3432
9851;950;3619
9852;735;3702
9853;557;3692
9854;506;3591
9855;498;3380
9856;618;3133
9857;827;2805
9858;1103;2371
9859;1430;1919
9860;1830;1504
9861;2133;1153
9862;2495;848
9863;2853;663
9864;3135;545
9865;3380;529
9866;3498;605
9867;3554;793
9868;3550;987
9869;3466;1142
9870;3347;1451
9871;3124;1799
9872;2829;2060
9873;2460;2382
9874;2080;2783
9875;1861;3135
9876;1516;3425
9877;1137;3607
9878;820;3703
9879;621;3761
9880;506;3701
9881;486;3550
9882;590;3275
9883;782;2916
9884;1042;2523
9885;1283;2051
9886;1668;1658
9887;2162;1341
9888;2615;997
9889;2944;677
9890;3197;533
9891;3407;534
9892;3516;608
9893;3530;802
9894;3415;1063
9895;3248;1405
9896;2949;1791
9897;2493;2094
9898;2145;2525
9899;1740;2980
9900;1366;3278
9901;1080;3530
9902;785;3685
9903;575;3724
9904;481;3670
9905;483;3492
9906;583;3232
9907;849;2923
9908;1221;2518
9909;1605;2101
9910;2028;1458
9911;2409;1055
9912;2705;767
9913;3022;597
9914;3245;550
9915;3395;569
9916;3461;685
9917;3387;879
9918;3213;1231
9919;2938;1693
9920;2574;2032
9921;2143;2446
9922;1760;2873
9923;1407;3267
9924;1071;3539
9925;883;3714
9926;627;3781
9927;464;3775
9928;454;3652
9929;526;3360
9930;725;3005
9931;997;2596
9932;1334;2137
9933;1789;1680
9934;2211;1285
9935;2609;884
9936;2947;650
9937;3187;552
9938;3357;575
9939;3429;690
9940;3412;877
9941;3253;1139
9942;2989;1522
9943;2670;1947
9944;2338;2397
9945;1984;2792
9946;1593;3121
9947;1243;3394
9948;978;3626
9949;650;3744
9950;511;3770
9951;462;3681
9952;532;3425
9953;715;3082
9954;1033;2707
9955;1428;2294
9956;1847;1749
9957;2303;1291
9958;2709;917
9959;3063;657
9960;3279;555
9961;3470;566
9962;3531;681
9963;3478;918
9964;3293;1303
9965;2984;1641
9966;2701;2064
9967;2288;2513
9968;1852;2840
9969;1465;3204
9970;1199;3505
9971;925;3673
9972;582;3740
9973;475;3732
9974;537;3505
9975;772;3125
9976;1161;2651
9977;1581;2066
9978;2104;1489
9979;2596;1046
9980;3008;716
9981;3337;552
9982;3494;587
9983;3518;761
9984;3381;1050
9985;3125;1470
9986;2779;1947
9987;2306;2357
9988;1797;2776
9989;1349;3188
9990;987;3491
9991;668;3631
9992;490;3627
9993;507;3455
9994;752;3062
9995;1148;2554
9996;1648;1998
9997;2164;1360
9998;2693;911
9999;3162;623
10000;3411;520